{"cameraMode":{"drawMode":0,"name":"Shaded","section":"Shading Mode"},"sceneLighting":true,"audioPlay":false,"sceneViewState":{"showFog":false,"showMaterialUpdate":false,"showSkybox":false,"showFlares":false,"showImageEffects":false,"showParticleSystems":false},"in2DMode":false,"pivot":{"x":-11.00511646270752,"y":0.627653181552887,"z":-9.066165924072266},"rotation":{"x":0.19423669576644898,"y":0.5754244327545166,"z":-0.14322379231452943,"w":0.7814556360244751},"size":13.296150207519532,"orthographic":false}