{"cameraMode":{"drawMode":0,"name":"Shaded","section":"Shading Mode"},"sceneLighting":true,"audioPlay":false,"sceneViewState":{"showFog":false,"showMaterialUpdate":false,"showSkybox":false,"showFlares":false,"showImageEffects":false,"showParticleSystems":false},"in2DMode":false,"pivot":{"x":3.000995635986328,"y":-2.1292648315429689,"z":1.3547677993774415},"rotation":{"x":0.23003655672073365,"y":0.75391685962677,"z":-0.3366788327693939,"w":0.5151163339614868},"size":23.4670467376709,"orthographic":false}