{"cameraMode":{"drawMode":0,"name":"Shaded","section":"Shading Mode"},"sceneLighting":true,"audioPlay":false,"sceneViewState":{"showFog":false,"showMaterialUpdate":false,"showSkybox":false,"showFlares":false,"showImageEffects":false,"showParticleSystems":false},"in2DMode":false,"pivot":{"x":148.205078125,"y":415.9634704589844,"z":-25.105833053588868},"rotation":{"x":0.33680421113967898,"y":0.16959260404109956,"z":-0.06180940568447113,"w":0.9241132736206055},"size":303.8761901855469,"orthographic":false}