{"cameraMode":{"drawMode":0,"name":"Shaded","section":"Shading Mode"},"sceneLighting":true,"audioPlay":false,"sceneViewState":{"showFog":false,"showMaterialUpdate":false,"showSkybox":false,"showFlares":false,"showImageEffects":false,"showParticleSystems":false},"in2DMode":false,"pivot":{"x":432.12945556640627,"y":486.57659912109377,"z":-2.5436630249023439},"rotation":{"x":-0.16892974078655244,"y":-0.027498017996549608,"z":0.004714618436992168,"w":-0.9852380156517029},"size":85.36795806884766,"orthographic":false}