{"cameraMode":{"drawMode":0,"name":"Shaded","section":"Shading Mode"},"sceneLighting":true,"audioPlay":false,"sceneViewState":{"showFog":false,"showMaterialUpdate":false,"showSkybox":false,"showFlares":false,"showImageEffects":false,"showParticleSystems":false},"in2DMode":false,"pivot":{"x":1.4489784240722657,"y":0.1021571159362793,"z":-2.6800899505615236},"rotation":{"x":0.028432756662368776,"y":0.9663025736808777,"z":-0.12315759062767029,"w":0.22428642213344575},"size":10.956701278686524,"orthographic":false}