{"cameraMode":{"drawMode":0,"name":"Shaded","section":"Shading Mode"},"sceneLighting":true,"audioPlay":false,"sceneViewState":{"showFog":false,"showMaterialUpdate":false,"showSkybox":false,"showFlares":false,"showImageEffects":false,"showParticleSystems":false},"in2DMode":false,"pivot":{"x":380.01666259765627,"y":53.97047424316406,"z":-25.18389892578125},"rotation":{"x":0.1103883609175682,"y":0.18083001673221589,"z":-0.02042965032160282,"w":0.9770863652229309},"size":960.7247314453125,"orthographic":false}