{"cameraMode":{"drawMode":0,"name":"Shaded","section":"Shading Mode"},"sceneLighting":true,"audioPlay":false,"sceneViewState":{"showFog":false,"showMaterialUpdate":false,"showSkybox":false,"showFlares":false,"showImageEffects":false,"showParticleSystems":false},"in2DMode":false,"pivot":{"x":-3.5317282676696779,"y":0.8442047834396362,"z":-0.8922293186187744},"rotation":{"x":0.1345626562833786,"y":0.020807970315217973,"z":-0.0028256603982299568,"w":0.9906952977180481},"size":25.76112937927246,"orthographic":false}