{"cameraMode":{"drawMode":0,"name":"Shaded","section":"Shading Mode"},"sceneLighting":true,"audioPlay":false,"sceneViewState":{"showFog":false,"showMaterialUpdate":false,"showSkybox":false,"showFlares":false,"showImageEffects":false,"showParticleSystems":false},"in2DMode":false,"pivot":{"x":14.405223846435547,"y":-20.72832679748535,"z":43.14540481567383},"rotation":{"x":-0.19768139719963075,"y":-0.1472955197095871,"z":0.030058979988098146,"w":-0.9686751365661621},"size":66.20683288574219,"orthographic":false}