{"cameraMode":{"drawMode":0,"name":"Shaded","section":"Shading Mode"},"sceneLighting":false,"audioPlay":false,"sceneViewState":{"showFog":false,"showMaterialUpdate":false,"showSkybox":false,"showFlares":false,"showImageEffects":false,"showParticleSystems":false},"in2DMode":false,"pivot":{"x":525.7784423828125,"y":290.3400573730469,"z":35.43236541748047},"rotation":{"x":0.17136737704277039,"y":0.05612332746386528,"z":-0.009777721017599106,"w":0.9835610389709473},"size":371.253173828125,"orthographic":false}